Date,AAPL_close,GOOG_close,MSFT_close
2020-04-16,69.57365417480469,62.87569808959961,169.4589080810547
2020-04-17,68.62963104248047,63.86003112792969,170.95213317871094
2020-04-20,67.20508575439453,63.03195571899414,167.56370544433594
2020-04-21,65.12776184082031,60.530303955078125,160.6337127685547
2020-04-22,67.00367736816406,62.86275100708008,166.08966064453125
2020-04-23,66.7440185546875,63.51466369628906,164.07958984375
2020-04-24,68.67088317871094,63.66395950317383,167.0755157470703
2020-04-27,68.71942138671875,63.493263244628906,166.59693908691406
2020-04-28,67.60552978515625,61.39271545410156,162.53854370117188
2020-04-29,69.82604217529297,66.75779724121094,169.8322296142578
2020-04-30,71.2990951538086,67.11511993408203,171.53602600097656
2020-05-01,70.15122985839844,65.71922302246094,167.09469604492188
2020-05-04,71.14376831054688,66.02726745605469,171.18185424804688
2020-05-05,72.21156311035156,67.23703002929688,173.01966857910156
2020-05-06,72.95660400390625,67.04743194580078,174.72340393066406
2020-05-07,73.71133422851562,68.30448150634766,175.738037109375
2020-05-08,75.46577453613281,69.09125518798828,176.7717742919922
2020-05-11,76.65326690673828,69.83224487304688,178.74356079101562
2020-05-12,75.77725219726562,68.46273803710938,174.69468688964844
2020-05-13,74.8623046875,67.1484603881836,172.0528564453125
2020-05-14,75.32223510742188,67.48684692382812,172.7995147705078
2020-05-15,74.87691497802734,68.33583068847656,175.31686401367188
2020-05-18,76.6410903930664,68.87079620361328,176.99192810058594
2020-05-19,76.1982192993164,68.35050964355469,175.76669311523438
2020-05-20,77.6801528930664,70.00443267822266,178.20474243164062
2020-05-21,77.10099792480469,69.80935668945312,176.06430053710938
2020-05-22,77.597412109375,70.18855285644531,176.1410369873047
2020-05-26,77.07180786132812,70.5169906616211,174.2789764404297
2020-05-27,77.4075927734375,70.55780029296875,174.5093231201172
2020-05-28,77.44166564941406,70.5025634765625,174.1157989501953
2020-05-29,77.3662109375,71.10919189453125,175.8915252685547
2020-06-01,78.31767272949219,71.2535171508789,175.48841857910156
2020-06-02,78.68025207519531,71.62176513671875,177.48484802246094
2020-06-03,79.1133804321289,71.48043823242188,177.91680908203125
2020-06-04,78.43206787109375,70.27613830566406,175.5747528076172
2020-06-05,80.66587829589844,71.58045959472656,179.68289184570312
2020-06-08,81.14278411865234,71.98951721191406,180.79632568359372
2020-06-09,83.70513916015625,72.46477508544922,182.17849731445312
2020-06-10,85.85865783691406,72.94699096679688,188.93577575683597
2020-06-11,81.73655700683594,69.8611068725586,178.7902374267578
2020-06-12,82.44222259521484,70.3259048461914,180.2012634277344
2020-06-15,83.46179962158203,70.65782928466797,181.35302734375
2020-06-16,85.67373657226562,71.79593658447266,185.7971343994141
2020-06-17,85.55451202392578,72.2139663696289,186.4402008056641
2020-06-18,85.58855438232422,71.45953369140625,188.43667602539065
2020-06-19,85.09945678710938,71.24853515625,187.31369018554688
2020-06-22,87.32596588134766,72.25079345703125,192.51605224609372
2020-06-23,89.18992614746094,72.87532806396484,193.8022003173828
2020-06-24,87.61553955078125,71.26097869873047,189.8956298828125
2020-06-25,88.77869415283203,71.72676849365234,192.29527282714844
2020-06-26,86.0509033203125,67.6744613647461,188.44630432128903
2020-06-29,88.0340805053711,69.4197006225586,190.4715576171875
2020-06-30,88.76895904541016,70.34729766845703,195.33795166015625
2020-07-01,88.6010513305664,71.56303405761719,196.4801788330078
2020-07-02,88.6010513305664,72.88976287841797,197.9775238037109
2020-07-06,90.97113037109376,74.43244934082031,202.23922729492188
2020-07-07,90.68888092041016,73.908935546875,199.8876037597656
2020-07-08,92.8010482788086,74.4473876953125,204.28370666503903
2020-07-09,93.20010375976562,75.19335174560547,205.7138671875
2020-07-10,93.36312866210938,76.72359466552734,205.08999633789065
2020-07-13,92.9324188232422,75.21076965332031,198.7549743652344
2020-07-14,94.4703140258789,75.67058563232422,199.9835968017578
2020-07-15,95.12001037597656,75.32522583007812,199.68606567382807
2020-07-16,93.9495620727539,75.54219818115234,195.7315216064453
2020-07-17,93.7597885131836,75.4202651977539,194.73329162597656
2020-07-20,95.73566436767578,77.91695404052734,203.10308837890625
2020-07-21,94.41433715820312,77.55368041992188,200.36756896972656
2020-07-22,94.67958068847656,78.05479431152344,203.2470703125
2020-07-23,90.37010955810548,75.4267349243164,194.4069366455078
2020-07-24,90.14623260498048,75.23714447021484,193.2167205810547
2020-07-27,92.28271484375,76.14932250976562,195.6643218994141
2020-07-28,90.76673889160156,74.66336059570312,193.9077911376953
2020-07-29,92.506591796875,75.74224853515625,195.86587524414065
2020-07-30,93.62594604492188,76.21153259277344,195.7123107910156
2020-07-31,103.42752838134766,73.7984619140625,196.77769470214844
2020-08-03,106.03363800048828,73.37496948242188,207.84474182128903
2020-08-04,106.74175262451172,72.9031982421875,204.7252655029297
2020-08-05,107.12865447998048,73.3331527709961,204.38931274414065
2020-08-06,110.86627960205078,74.65141296386719,207.66238403320312
2020-08-07,108.3456573486328,74.37223815917969,203.94776916503903
2020-08-10,109.92044830322266,74.45235443115234,199.8876037597656
2020-08-11,106.65142822265624,73.66707611083984,195.21319580078125
2020-08-12,110.1958999633789,74.97587585449219,200.7899169921875
2020-08-13,112.14612579345705,75.56459045410156,200.31954956054688
2020-08-14,112.0461654663086,75.03112030029297,200.5115203857422
2020-08-17,111.7536163330078,75.54120635986328,201.8361053466797
2020-08-18,112.68485260009766,77.5626220703125,202.9975128173828
2020-08-19,112.82623291015624,77.01173400878906,201.7659454345703
2020-08-20,115.3298110961914,78.71467590332031,206.4613037109375
2020-08-21,121.27304077148438,78.64849090576172,204.9603576660156
2020-08-24,122.7234878540039,79.03565979003906,205.60499572753903
2020-08-25,121.7166976928711,80.03193664550781,208.27981567382807
2020-08-26,123.37194061279295,82.22953033447266,212.7826995849609
2020-08-27,121.8970947265625,81.33126831054688,218.0072784423828
2020-08-28,121.69965362548828,81.83290100097656,220.2491455078125
2020-08-31,125.8267593383789,81.32381439208984,216.99700927734372
2020-09-01,130.83872985839844,82.64405822753906,218.67120361328125
2020-09-02,128.12796020507812,86.00663757324219,222.885498046875
2020-09-03,117.86994171142578,81.70500946044922,209.0783843994141
2020-09-04,117.94793701171876,79.1769790649414,206.143798828125
2020-09-08,110.01065063476562,76.25831604003906,194.9923095703125
2020-09-09,114.39857482910156,77.48100280761719,203.29579162597656
2020-09-10,110.66395568847656,76.2398910522461,197.5997772216797
2020-09-11,109.21104431152344,75.67755889892578,196.3104705810547
2020-09-14,112.4874038696289,75.60588836669922,197.63829040527344
2020-09-15,112.66291046142578,76.70867156982422,200.88075256347656
2020-09-16,109.33782958984376,75.68650817871094,197.2919158935547
2020-09-17,107.5924072265625,74.42399597167969,195.2328643798828
2020-09-18,104.17953491210938,72.6553726196289,192.8081970214844
2020-09-21,107.33887481689452,71.22066497802734,194.87684631347656
2020-09-22,109.0257797241211,72.9275894165039,199.5722198486328
2020-09-23,104.45257568359376,70.42693328857422,193.0006561279297
2020-09-24,105.5251922607422,71.07783508300781,195.50225830078125
2020-09-25,109.48410034179688,71.90741729736328,199.95709228515625
2020-09-28,112.09735870361328,72.88080596923828,201.51577758789065
2020-09-29,111.2490005493164,73.12017059326172,199.41827392578125
2020-09-30,112.9261703491211,73.13361358642578,202.3721466064453
2020-10-01,113.88177490234376,74.15328216552734,204.4215087890625
2020-10-02,110.20565795898438,72.57723999023438,198.3887634277344
2020-10-05,113.59901428222656,73.95074462890625,202.4202423095703
2020-10-06,110.34217071533205,72.32941436767578,198.11932373046875
2020-10-07,112.21435546875,72.67030334472656,201.89105224609372
2020-10-08,112.10710144042967,73.94625854492188,202.6126708984375
2020-10-09,114.05729675292967,75.40385437011719,207.6447906494141
2020-10-12,121.30228424072266,78.08763885498047,213.02325439453125
2020-10-13,118.08446502685548,78.21353912353516,214.4280548095703
2020-10-14,118.1722183227539,78.03439331054688,212.5037078857422
2020-10-15,117.70417022705078,77.5889892578125,211.3491058349609
2020-10-16,116.05625915527344,78.27973175048828,211.3491058349609
2020-10-19,113.09196472167967,76.3687744140625,206.1149139404297
2020-10-20,114.5838623046875,77.42975616455078,206.52867126464844
2020-10-21,113.95979309082033,79.2899398803711,206.6729888916016
2020-10-22,112.86767578125,80.38575744628906,206.7595672607422
2020-10-23,112.17535400390624,81.66321563720703,208.0488739013672
2020-10-26,112.18511199951172,79.14762115478516,202.13156127929688
2020-10-27,113.69650268554688,79.8348617553711,205.181640625
2020-10-28,108.43096160888672,75.47351837158203,195.0115509033203
2020-10-29,112.44837951660156,77.99259185791016,196.97434997558597
2020-10-30,106.14925384521484,80.66841888427734,194.8095245361328
2020-11-02,106.06149291992188,80.9182357788086,194.67481994628903
2020-11-03,107.6898956298828,82.12153625488281,198.6197052001953
2020-11-04,112.08759307861328,87.0442123413086,208.20285034179688
2020-11-05,116.06599426269533,87.75286102294922,214.84176635742188
2020-11-06,115.93414306640624,87.6722412109375,215.25552368164065
2020-11-09,113.6191635131836,87.73445129394531,210.12716674804688
2020-11-10,113.27730560302734,86.60928344726562,203.02638244628903
2020-11-11,116.71556854248048,87.22236633300781,208.35678100585935
2020-11-12,116.44207000732422,87.07955169677734,207.28878784179688
2020-11-13,116.49091339111328,88.43213653564453,208.3183135986328
2020-11-16,117.50677490234376,88.64912414550781,209.01107788085935
2020-11-17,116.6178741455078,88.09026336669922,206.3458709716797
2020-11-18,115.28945922851562,86.9272689819336,203.6254425048828
2020-11-19,115.88531494140624,87.78022766113281,204.9181365966797
2020-11-20,114.61547088623048,86.6988525390625,202.95985412597656
2020-11-23,111.20652770996094,86.3340835571289,202.6897430419922
2020-11-24,112.49586486816406,88.02706146240234,206.3072662353516
2020-11-25,113.33589935302734,88.15396118164062,206.31690979003903
2020-11-27,113.88289642333984,89.23683166503906,207.62887573242188
2020-11-30,116.28578186035156,87.62198638916016,206.5098876953125
2020-12-01,119.87056732177734,89.4811782836914,208.5742950439453
2020-12-02,120.22220611572266,90.96663665771484,207.76397705078125
2020-12-03,120.08544921875,90.90792083740234,206.67385864257807
2020-12-04,119.41149139404295,90.96863555908205,206.7895965576172
2020-12-07,120.87665557861328,90.5451431274414,206.7220764160156
2020-12-08,121.49203491210938,90.49886322021484,208.38131713867188
2020-12-09,118.95240020751952,88.78596496582031,204.32003784179688
2020-12-10,120.37848663330078,88.34805297851562,203.0852508544922
2020-12-11,119.56776428222656,88.66852569580078,205.7284393310547
2020-12-14,118.95240020751952,87.58814239501953,206.63528442382807
2020-12-15,124.91075134277344,87.9718246459961,206.5677947998047
2020-12-16,124.84239196777344,87.73445129394531,211.53585815429688
2020-12-17,125.7117156982422,86.98300170898438,211.67091369628903
2020-12-18,123.71910095214844,86.14248657226562,210.8702545166016
2020-12-21,125.25262451171876,86.55850982666016,214.7289276123047
2020-12-22,128.81788635253906,85.76876068115234,216.03126525878903
2020-12-23,127.91925811767578,86.21066284179688,213.21441650390625
2020-12-24,128.9058074951172,86.53263854980469,214.88333129882807
2020-12-28,133.51622009277344,88.38585662841797,217.01528930664065
2020-12-29,131.7384490966797,87.5214614868164,216.23385620117188
2020-12-30,130.61517333984375,86.56597900390625,213.8511199951172
2020-12-31,129.6090850830078,87.18107604980469,214.56497192382807
2021-01-04,126.40521240234376,86.00464630126953,210.0019989013672
2021-01-05,127.96807098388672,86.63565826416016,210.20460510253903
2021-01-06,123.66047668457033,86.35548400878906,204.75413513183597
2021-01-07,127.8801498413086,88.94123077392578,210.5808563232422
2021-01-08,128.9839324951172,89.93452453613281,211.8638458251953
2021-01-11,125.98521423339844,87.91957092285156,209.80905151367188
2021-01-12,125.80940246582033,86.91583251953125,207.3394927978516
2021-01-13,127.85086822509766,87.30648040771484,208.69967651367188
2021-01-14,125.91685485839844,86.59882354736328,205.49696350097656
2021-01-15,124.18795013427734,86.40027618408203,205.13999938964844
2021-01-19,124.86193084716795,89.12088012695312,208.7961578369141
2021-01-20,128.96438598632812,93.9002456665039,216.41717529296875
2021-01-21,133.6920166015625,94.11671447753906,217.02490234375
2021-01-22,135.8409423828125,94.60440063476562,217.9703063964844
2021-01-25,139.60157775878906,94.52230834960938,221.42385864257807
2021-01-26,139.83596801757812,95.41009521484376,224.1249847412109
2021-01-27,138.76153564453125,91.10797119140624,224.67483520507807
2021-01-28,133.90687561035156,92.71634674072266,230.49188232421875
2021-01-29,128.89602661132812,91.35430145263672,223.76803588867188
2021-02-01,131.02542114257812,94.61933135986328,231.1864776611328
2021-02-02,131.85569763183594,95.92117309570312,231.0514068603516
2021-02-03,130.83004760742188,103.01557159423828,234.4181671142578
2021-02-04,134.199951171875,102.63238525390624,233.46311950683597
2021-02-05,133.78421020507812,104.4054946899414,233.6464080810547
2021-02-08,133.93089294433594,104.15218353271484,233.9068756103516
2021-02-09,133.05047607421875,103.68441009521484,235.16094970703125
2021-02-10,132.44400024414062,104.27510833740234,234.2445068359375
2021-02-11,132.18963623046875,104.30048370361328,235.85552978515625
2021-02-12,132.4244384765625,104.70954132080078,236.33792114257807
2021-02-16,130.2918701171875,105.5948486328125,235.0934295654297
2021-02-17,127.99301147460938,105.9138412475586,236.1183624267578
2021-02-18,126.8875961303711,105.3609619140625,235.721923828125
2021-02-19,127.04409790039062,104.5617446899414,232.9952392578125
2021-02-22,123.25831604003906,102.7573013305664,226.7490234375
2021-02-23,123.12137603759766,103.0548858642578,225.55007934570312
2021-02-24,122.62247467041016,104.26465606689452,226.78770446777344
2021-02-25,118.35733795166016,101.08918762207033,221.4117431640625
2021-02-26,118.62145233154295,101.3628921508789,224.6895294189453
2021-03-01,125.00935363769533,103.58486938476562,229.0986328125
2021-03-02,122.39747619628906,103.3027114868164,226.1302032470703
2021-03-03,119.40406036376952,100.8577880859375,220.02903747558597
2021-03-04,117.51605987548828,101.97151947021484,219.2264862060547
2021-03-05,118.77799987792967,104.93000030517578,223.935302734375
2021-03-08,113.82808685302734,100.73139190673828,219.8646697998047
2021-03-09,118.45516204833984,102.1511688232422,226.04318237304688
2021-03-10,117.36932373046876,102.26712036132812,224.7282257080078
2021-03-11,119.30622100830078,105.2400360107422,229.28233337402344
2021-03-12,118.3964614868164,102.60999298095705,227.947998046875
2021-03-15,121.29206085205078,102.83741760253906,227.0391082763672
2021-03-16,122.8376693725586,104.13277435302734,229.84312438964844
2021-03-17,122.0453109741211,104.06112670898438,229.19528198242188
2021-03-18,117.9073486328125,101.33104705810548,223.08447265625
2021-03-19,117.37911224365234,101.67840576171876,222.72671508789065
2021-03-22,120.70511627197266,101.44898223876952,228.18003845214844
2021-03-23,119.87361907958984,102.1641082763672,229.7174835205078
2021-03-24,117.4769287109375,101.77095794677734,227.66758728027344
2021-03-25,117.96605682373048,101.73614501953124,224.65087890625
2021-03-26,118.5725555419922,101.29769897460938,228.65382385253903
2021-03-29,118.7486343383789,102.31290435791016,227.45489501953125
2021-03-30,117.29105377197266,102.29249572753906,224.17706298828125
2021-03-31,119.49209594726562,102.94392395019533,227.9673614501953
2021-04-01,120.32360076904295,106.38361358642578,234.32955932617188
2021-04-05,123.1604995727539,110.75291442871094,240.82720947265625
2021-04-06,123.46375274658205,110.7131118774414,239.6572265625
2021-04-07,125.1169891357422,111.95374298095705,241.62969970703125
2021-04-08,127.52344512939452,112.73802947998048,244.86883544921875
2021-04-09,130.1060028076172,113.75519561767578,247.38284301757807
2021-04-12,128.3843536376953,112.20803833007812,247.4408416748047
2021-04-13,131.50486755371094,112.82908630371094,249.93544006347656
2021-04-14,129.15708923339844,112.21051025390624,247.13136291503903
2021-04-15,131.57334899902344,114.29166412353516,250.91195678710935
2021-04-16,131.2407684326172,114.34640502929688,252.11094665527344
2021-04-19,131.9059600830078,114.57730865478516,250.1771545410156
2021-04-20,130.21359252929688,114.14087677001952,249.71304321289065
2021-04-21,130.59510803222656,114.12394714355467,251.956298828125
2021-04-22,129.069091796875,112.86143493652344,248.65911865234372
2021-04-23,131.39732360839844,115.21926879882812,252.5074157714844
2021-04-26,131.78858947753906,115.78857421875,252.89410400390625
2021-04-27,131.4657440185547,114.81219482421876,253.30026245117188
2021-04-28,130.6733856201172,118.43453979492188,246.135498046875
2021-04-29,130.5755615234375,120.92176055908205,244.1533203125
2021-04-30,128.59950256347656,119.93791961669922,243.834228515625
2021-05-03,129.65599060058594,119.1939468383789,243.52484130859372
2021-05-04,125.06805419921876,117.15758514404295,239.58953857421875
2021-05-05,125.31262969970705,117.281494140625,238.313232421875
2021-05-06,126.9169692993164,118.50619506835938,241.46533203125
2021-05-07,127.59307098388672,119.3691177368164,244.10499572753903
2021-05-10,124.30059814453124,116.5310516357422,238.9997100830078
2021-05-11,123.37950897216795,114.89381408691406,238.0811309814453
2021-05-12,120.3026123046875,111.42623138427734,231.09043884277344
2021-05-13,122.4583969116211,112.56534576416016,234.98704528808597
2021-05-14,124.8885498046875,115.26206970214844,239.9376373291016
2021-05-17,123.73223114013672,115.52332305908205,237.0658721923828
2021-05-18,122.3407974243164,114.6285629272461,235.0354156494141
2021-05-19,122.18401336669922,114.89132690429688,235.6168670654297
2021-05-20,124.75135803222656,117.24915313720705,238.8731842041016
2021-05-21,122.9091339111328,116.70223999023438,237.6036376953125
2021-05-24,124.54558563232422,119.76624298095705,243.04052734375
2021-05-25,124.3495864868164,119.88567352294922,243.95150756835935
2021-05-26,124.30059814453124,121.10289764404295,243.7286071777344
2021-05-27,122.76216888427734,119.55921173095705,241.6158599853516
2021-05-28,122.10562896728516,120.00958251953124,241.97445678710935
2021-06-01,121.78224182128906,120.91777801513672,239.7648162841797
2021-06-02,122.54657745361328,120.49329376220705,239.6678924560547
2021-06-03,121.05713653564452,119.6637191772461,238.12696838378903
2021-06-04,123.35989379882812,122.01010131835938,243.0502014160156
2021-06-07,123.36968231201172,122.72321319580078,245.97698974609372
2021-06-08,124.19280242919922,123.5572738647461,244.7752685546875
2021-06-09,124.57496643066406,123.98275756835938,245.7637939453125
2021-06-10,123.57546997070312,125.4856414794922,249.3011474609375
2021-06-11,124.79054260253906,125.1039581298828,249.93104553222656
2021-06-14,127.85763549804688,125.75636291503906,251.8694000244141
2021-06-15,127.03453826904295,125.43885803222656,250.38656616210935
2021-06-16,127.5342788696289,125.1039581298828,249.4368133544922
2021-06-17,129.1413116455078,125.7752685546875,252.84820556640625
2021-06-18,127.8380126953125,124.97555541992188,251.4235382080078
2021-06-21,129.64108276367188,125.85887908935548,254.52484130859372
2021-06-22,131.28729248046875,126.40080261230467,257.31591796875
2021-06-23,131.01292419433594,125.86534881591795,257.0832824707031
2021-06-24,130.728759765625,126.68197631835938,258.4595031738281
2021-06-25,130.43479919433594,126.39633178710938,256.841064453125
2021-06-28,132.07119750976562,126.22166442871094,260.42681884765625
2021-06-29,133.59007263183594,125.42443084716795,263.02410888671875
2021-06-30,134.20741271972656,124.7252426147461,262.5395812988281
2021-07-01,134.51119995117188,125.77277374267578,263.2180480957031
2021-07-02,137.1471405029297,128.11219787597656,269.081298828125
2021-07-06,139.16571044921875,129.15924072265625,269.0908508300781
2021-07-07,141.6644744873047,129.46429443359375,271.2908935546875
2021-07-08,140.36122131347656,128.5680389404297,268.8583068847656
2021-07-09,142.193603515625,128.9636688232422,269.3622741699219
2021-07-12,141.59588623046875,129.94850158691406,268.7615051269531
2021-07-13,142.71298217773438,130.37698364257812,272.3084411621094
2021-07-14,146.1524200439453,131.45985412597656,273.7912292480469
2021-07-15,145.4958953857422,130.64767456054688,272.3569030761719
2021-07-16,143.44789123535156,131.22396850585938,272.0855712890625
2021-07-19,139.58706665039062,128.64466857910156,268.46099853515625
2021-07-20,143.21270751953125,130.48348999023438,270.69970703125
2021-07-21,142.47779846191406,131.97540283203125,272.7155456542969
2021-07-22,143.8496551513672,132.6999969482422,277.3092346191406
2021-07-23,145.5742645263672,137.16632080078125,280.7303161621094
2021-07-26,145.9956512451172,138.9862060546875,280.12939453125
2021-07-27,143.8202667236328,136.15162658691406,277.6968994140625
2021-07-28,142.0662384033203,135.7385711669922,277.38677978515625
2021-07-29,142.71298217773438,135.89683532714844,277.6580505371094
2021-07-30,142.92855834960938,134.58352661132812,276.1171875
2021-08-02,142.59536743164062,135.34841918945312,276.0299987792969
2021-08-03,144.3983917236328,135.63755798339844,278.259033203125
2021-08-04,143.9966583251953,135.3872528076172,277.6678161621094
2021-08-05,144.10446166992188,136.29444885253906,280.5849914550781
2021-08-06,143.41746520996094,136.38998413085938,280.5267944335937
2021-08-09,143.36839294433594,137.3514404296875,279.4316101074219
2021-08-10,142.88754272460938,137.44549560546875,277.5999755859375
2021-08-11,143.14268493652344,137.0404052734375,278.0942077636719
2021-08-12,146.11624145507812,137.7371063232422,280.8660583496094
2021-08-13,146.32235717773438,137.7535400390625,283.81207275390625
2021-08-16,148.30467224121094,138.26113891601562,285.5081787109375
2021-08-17,147.39199829101562,136.6532440185547,284.0350646972656
2021-08-18,143.63336181640625,135.9261932373047,282.2970275878906
2021-08-19,143.96702575683594,136.26806640625,288.1617736816406
2021-08-20,145.42929077148438,137.7843780517578,295.5316467285156
2021-08-23,146.9209747314453,140.43434143066406,295.813232421875
2021-08-24,146.83267211914062,141.72720336914062,293.842041015625
2021-08-25,145.5961151123047,142.27610778808594,293.2497863769531
2021-08-26,144.79141235351562,141.45301818847656,290.4144592285156
2021-08-27,145.83169555664062,143.86907958984375,291.0262451171875
2021-08-30,150.26742553710938,144.78372192382812,294.783935546875
2021-08-31,149.00146484375,144.7762908935547,293.1235656738281
2021-09-01,149.6687774658203,145.15447998046875,293.0749816894531
2021-09-02,150.78756713867188,143.53912353515625,292.4146728515625
2021-09-03,151.42543029785156,144.09251403808594,292.4050598144531
2021-09-07,153.77093505859375,144.83299255371094,291.47283935546875
2021-09-08,152.22039794921875,144.2005157470703,291.5019836425781
2021-09-09,151.19972229003906,144.23036193847656,288.6278076171875
2021-09-10,146.19473266601562,141.25198364257812,287.13250732421875
2021-09-13,146.76394653320312,142.7886962890625,288.3753967285156
2021-09-14,145.36056518554688,142.72998046875,291.0942077636719
2021-09-15,146.25364685058594,144.521484375,295.978271484375
2021-09-16,146.01809692382812,143.69290161132812,296.3666381835937
2021-09-17,143.33897399902344,140.796630859375,291.171875
2021-09-20,140.27711486816406,138.36163330078125,285.7633972167969
2021-09-21,140.75794982910156,138.98817443847656,286.2489013671875
2021-09-22,143.13287353515625,140.27410888671875,289.9192810058594
2021-09-23,144.0946044921875,141.15792846679688,290.870849609375
2021-09-24,144.1829376220703,141.96060180664062,290.6669616699219
2021-09-27,142.66180419921875,140.83395385742188,285.63720703125
2021-09-28,139.26629638671875,135.54202270507812,275.2961120605469
2021-09-29,140.16915893554688,133.8868408203125,275.7621765136719
2021-09-30,138.86390686035156,132.6372528076172,273.7425231933594
2021-10-01,139.99252319335938,135.81918334960938,280.7142944335937
2021-10-04,136.54786682128906,133.1343994140625,274.89794921875
2021-10-05,138.481201171875,135.53504943847656,280.3841247558594
2021-10-06,139.35459899902344,136.7064971923828,284.60791015625
2021-10-07,140.62057495117188,138.5293731689453,286.2974853515625
2021-10-08,140.2378387451172,139.395751953125,286.2974853515625
2021-10-11,140.1494903564453,138.19296264648438,285.6954650878906
2021-10-12,138.8737335205078,136.06851196289062,284.38458251953125
2021-10-13,138.284912109375,137.2499237060547,287.715087890625
2021-10-14,141.08180236816406,140.74537658691406,293.9683532714844
2021-10-15,142.1416778564453,141.0071258544922,295.3860168457031
2021-10-18,143.81983947753906,142.28656005859375,298.37664794921875
2021-10-19,145.98866271972656,143.14401245117188,299.289306640625
2021-10-20,146.47935485839844,141.74362182617188,298.4931030273437
2021-10-21,146.6952667236328,142.107421875,301.7459411621094
2021-10-22,145.91998291015625,137.9715118408203,300.1924133300781
2021-10-25,145.8708953857422,138.11880493164062,299.1922912597656
2021-10-26,146.5382080078125,139.01358032226562,301.1148376464844
2021-10-27,146.07699584960938,145.7372283935547,313.7959899902344
2021-10-28,149.72767639160156,145.44012451171875,314.9418334960937
2021-10-29,147.00929260253906,147.571533203125,322.0008850097656
2021-11-01,146.1849365234375,143.0962371826172,319.8161315917969
2021-11-02,147.22518920898438,145.17538452148438,323.46710205078125
2021-11-03,148.6678009033203,146.09800720214844,324.3118896484375
2021-11-04,148.147705078125,147.9821014404297,326.6810913085937
2021-11-05,148.67837524414062,148.5374755859375,326.3121032714844
2021-11-08,147.8528594970703,148.64744567871094,327.21514892578125
2021-11-09,148.2164764404297,148.544921875,326.205322265625
2021-11-10,145.37615966796875,145.93479919433594,321.20465087890625
2021-11-11,145.3269805908203,146.05621337890625,322.78741455078125
2021-11-12,147.41058349609375,148.9400634765625,326.9530029296875
2021-11-15,147.42041015625,148.68377685546875,326.3218688964844
2021-11-16,148.4031982421875,148.3732452392578,329.6620483398437
2021-11-17,150.85040283203125,148.3592987060547,329.88580322265625
2021-11-18,155.15505981445312,149.99853515625,331.97723388671875
2021-11-19,157.78897094726562,149.24560546875,333.7670593261719
2021-11-22,158.2509307861328,146.38516235351562,330.576416015625
2021-11-23,158.63418579101562,146.06517028808594,328.4849853515625
2021-11-24,159.15509033203125,146.02586364746094,328.70867919921875
2021-11-26,154.11328125,142.13278198242188,320.7028503417969
2021-11-29,157.48431396484375,145.42520141601562,327.4635925292969
2021-11-30,162.457275390625,141.78045654296875,321.58807373046875
2021-12-01,161.93638610839844,140.95037841796875,321.0919494628906
2021-12-02,160.9437713623047,143.09872436523438,320.5180358886719
2021-12-03,159.05679321289062,141.8486328125,314.2144470214844
2021-12-06,162.47694396972656,143.11862182617188,317.3078308105469
2021-12-07,168.2361602783203,147.33863830566406,325.8001708984375
2021-12-08,172.06907653808594,148.0194091796875,325.84881591796875
2021-12-09,171.5580596923828,147.40782165527344,324.0297241210937
2021-12-10,176.3639373779297,147.97413635253906,333.212646484375
2021-12-13,172.71775817871094,146.01292419433594,330.1581420898437
2021-12-14,171.33200073242188,144.28709411621094,319.3992919921875
2021-12-15,176.2165069580078,146.67379760742188,325.5374755859375
2021-12-16,169.297607421875,144.15570068359375,316.0529479980469
2021-12-17,168.1968231201172,142.1298065185547,314.98291015625
2021-12-20,166.83078002929688,141.73019409179688,311.19891357421875
2021-12-21,170.0150146484375,143.54063415527344,318.3779296875
2021-12-22,172.61947631835938,146.2562713623047,324.126953125
2021-12-23,173.24844360351562,146.44883728027344,325.57635498046875
2021-12-27,177.2288055419922,147.3660125732422,333.1250915527344
2021-12-28,176.20669555664062,145.75762939453125,331.95782470703125
2021-12-29,176.29515075683594,145.81385803222656,332.6387023925781
2021-12-30,175.1354217529297,145.31422424316406,330.0802917480469
2021-12-31,174.51629638671875,143.99746704101562,327.1620483398437
2022-01-03,178.8799285888672,144.39059448242188,325.634765625
2022-01-04,176.60964965820312,143.7357177734375,320.0510559082031
2022-01-05,171.9118194580078,137.0045928955078,307.7650146484375
2022-01-06,169.0420684814453,136.90257263183594,305.3330078125
2022-01-07,169.20912170410156,136.358642578125,305.4887084960937
2022-01-10,169.22879028320312,137.92074584960938,305.71246337890625
2022-01-11,172.06907653808594,139.35743713378906,306.4031677246094
2022-01-12,172.51138305664062,140.98023986816406,309.603515625
2022-01-13,169.22879028320312,138.47512817382812,296.500244140625
2022-01-14,170.09365844726562,139.1275177001953,301.7532958984375
2022-01-18,166.87991333007812,135.64801025390625,294.40887451171875
2022-01-19,163.3712921142578,135.0124969482422,295.0703430175781
2022-01-20,161.68084716796875,132.8771209716797,293.387451171875
2022-01-21,159.61697387695312,129.47872924804688,287.9690856933594
2022-01-24,158.840576171875,129.7574005126953,288.2998352050781
2022-01-25,157.03224182128906,126.13805389404295,280.6343994140625
2022-01-26,156.94378662109375,128.63075256347656,288.63055419921875
2022-01-27,156.48184204101562,128.51229858398438,291.6754150390625
2022-01-28,167.40077209472656,132.66116333007812,299.8661193847656
2022-01-31,171.7742462158203,135.05880737304688,302.5120544433594
2022-02-01,171.607177734375,137.22850036621094,300.3525085449219
2022-02-02,172.8160400390625,147.33863830566406,304.92449951171875
2022-02-03,169.9265899658203,141.97802734375,293.04693603515625
2022-02-04,169.6412353515625,142.34181213378906,297.6092834472656
2022-02-07,168.9228515625,138.28302001953125,292.75518798828125
2022-02-08,172.0423126220703,138.55674743652344,296.2668151855469
2022-02-09,173.4691925048828,140.78619384765625,302.7357482910156
2022-02-10,169.37551879882812,137.9490966796875,294.146240234375
2022-02-11,165.95098876953125,133.49769592285156,287.006103515625
2022-02-14,166.18719482421875,134.66217041015625,286.9671630859375
2022-02-15,170.03482055664062,135.78237915039062,292.2882080078125
2022-02-16,169.79864501953125,136.83935546875,291.947021484375
2022-02-17,166.18719482421875,131.68478393554688,283.39825439453125
2022-02-18,164.63235473632812,129.85244750976562,280.6688842773437
2022-02-22,161.69992065429688,128.79246520996094,280.464111328125
2022-02-23,157.51766967773438,126.98355102539062,273.20196533203125
2022-02-24,160.1450958251953,132.04803466796875,287.1608581542969
2022-02-25,162.221435546875,133.88534545898438,289.812255859375
2022-02-28,162.48712158203125,134.255126953125,291.25494384765625
2022-03-01,160.5977325439453,133.53550720214844,287.5118103027344
2022-03-02,163.90414428710938,134.1162567138672,292.6196594238281
2022-03-03,163.57943725585938,133.67486572265625,288.4573669433594
2022-03-04,160.56825256347656,131.49916076660156,282.55010986328125
2022-03-07,156.75994873046875,125.86832427978516,271.8763122558594
2022-03-08,154.92958068847656,126.67849731445312,268.8934936523437
2022-03-09,160.3517608642578,133.23495483398438,281.2244567871094
2022-03-10,155.9923553466797,132.05653381347656,278.3878479003906
2022-03-11,152.2628173828125,129.86041259765625,273.0070495605469
2022-03-14,148.21835327148438,126.14352416992188,269.4686279296875
2022-03-15,152.6170654296875,129.0492706298828,279.9084777832031
2022-03-16,157.04530334472656,133.06028747558594,286.9659118652344
2022-03-17,158.05889892578125,133.96597290039062,287.7749938964844
2022-03-18,161.36532592773438,136.15660095214844,292.8535461425781
2022-03-21,162.74301147460938,135.8351287841797,291.6156616210937
2022-03-22,166.12814331054688,139.6162109375,296.3920593261719
2022-03-23,167.4959716796875,137.8505859375,291.9372863769531
2022-03-24,171.29443359375,140.6458282470703,296.4309997558594
2022-03-25,171.93406677246094,140.8543701171875,296.0216064453125
2022-03-28,172.80003356933594,141.2808380126953,302.8646240234375
2022-03-29,176.10646057128906,142.57470703125,307.4558410644531
2022-03-30,174.9354248046875,141.9720458984375,305.9449462890625
2022-03-31,171.82582092285156,138.9911651611328,300.5348815917969
2022-04-01,171.5305938720703,140.03671264648438,301.616943359375
2022-04-04,175.59474182128906,142.96533203125,307.0269470214844
2022-04-05,172.26861572265625,140.3980255126953,303.0400695800781
2022-04-06,169.0901336669922,136.5293426513672,291.947021484375
2022-04-07,169.3951873779297,135.82168579101562,293.7698974609375
2022-04-08,167.37786865234375,133.37875366210938,289.4808654785156
2022-04-11,163.10704040527344,129.1846160888672,278.06622314453125
2022-04-12,164.98663330078125,127.76931762695312,274.94683837890625
2022-04-13,167.6829376220703,129.67181396484375,280.3666687011719
2022-04-14,162.65443420410156,126.65310668945312,272.77313232421875
2022-04-18,162.43795776367188,127.35777282714844,273.4456787109375
2022-04-19,164.7307586669922,129.91566467285156,278.10516357421875
2022-04-20,164.5634765625,127.64093780517578,279.138427734375
2022-04-21,163.76638793945312,124.34852600097656,273.72833251953125
2022-04-22,159.21023559570312,119.05011749267578,267.11944580078125
2022-04-25,160.2828826904297,122.66897583007812,273.64068603515625
2022-04-26,154.29978942871094,118.942626953125,263.4054870605469
2022-04-27,154.07350158691406,114.47827911376952,276.0775756835937
2022-04-28,161.03074645996094,118.84857177734376,282.3259582519531
2022-04-29,155.13624572753906,114.42453002929688,270.52130126953125
2022-05-02,155.44129943847656,116.60469818115234,277.29608154296875
2022-05-03,156.93704223632812,117.57262420654295,274.6739807128906
2022-05-04,163.37278747558594,121.99716186523438,282.6671447753906
2022-05-05,154.270263671875,116.1961441040039,270.3555908203125
2022-05-06,154.99951171875,115.1147689819336,267.8017272949219
2022-05-09,149.85523986816406,112.55091094970705,257.9076538085937
2022-05-10,152.2696990966797,114.0443344116211,262.70361328125
2022-05-11,144.3758544921875,113.42376708984376,253.97933959960935
2022-05-12,140.49298095703125,112.6275405883789,248.91046142578125
2022-05-13,144.97702026367188,115.96623229980467,254.53494262695312
2022-05-16,143.4297332763672,114.25135803222656,254.90538024902344
2022-05-17,147.0760955810547,116.15135955810548,260.0911865234375
2022-05-18,138.77821350097656,111.87113189697266,248.2493438720703
2022-05-19,135.3585205078125,110.2234344482422,247.33090209960935
2022-05-20,135.5950469970703,108.79767608642578,246.7642059326172
2022-05-23,141.0349884033203,111.14008331298828,254.6685485839844
2022-05-24,138.32485961914062,105.42664337158205,253.6621856689453
2022-05-25,138.48257446289062,105.3405532836914,256.4956359863281
2022-05-26,141.69529724121094,107.78546905517578,259.7980651855469
2022-05-27,147.47030639648438,112.26725006103516,266.9696350097656
2022-05-31,146.68191528320312,113.50140380859376,265.6310729980469
2022-06-01,146.55380249023438,113.59894561767578,266.1684875488281
2022-06-02,149.01756286621094,117.19093322753906,268.27886962890625
2022-06-03,143.2720947265625,114.02393341064452,263.823486328125
2022-06-06,144.0210723876953,116.45890045166016,262.5826416015625
2022-06-07,146.55380249023438,116.6768569946289,266.24664306640625
2022-06-08,145.81466674804688,116.68531799316406,264.20458984375
2022-06-09,140.57180786132812,114.37625885009766,258.7135925292969
2022-06-10,135.1417236328125,110.90221405029295,247.1843414306641
2022-06-13,129.96783447265625,106.37267303466795,236.70057678222656
2022-06-14,130.83506774902344,106.68866729736328,238.87942504882807
2022-06-15,133.46636962890625,109.87010955810548,245.98257446289065
2022-06-16,128.17422485351562,106.13330841064452,239.348388671875
2022-06-17,129.6524658203125,107.35700988769533,241.9668731689453
2022-06-21,133.89999389648438,111.4869384765625,247.9171142578125
2022-06-22,133.3875274658203,111.50584411621094,247.32115173339844
2022-06-23,136.26515197753906,112.15328979492188,252.91964721679688
2022-06-24,139.60601806640625,117.9792022705078,261.55682373046875
2022-06-27,139.60601806640625,116.07271575927734,258.8112487792969
2022-06-28,135.4471893310547,112.04083251953124,250.59429931640625
2022-06-29,137.21124267578125,111.72730255126952,254.2875213623047
2022-06-30,134.73765563964844,108.85690307617188,250.93621826171875
2022-07-01,136.91563415527344,108.56678009033205,253.6230926513672
2022-07-05,139.50747680664062,113.3501205444336,256.8180847167969
2022-07-06,140.8477325439453,114.6703643798828,260.1010131835937
2022-07-07,144.22801208496094,118.74357604980467,262.2406921386719
2022-07-08,144.90802001953125,119.60201263427734,261.51763916015625
2022-07-11,142.76947021484375,115.97319793701172,258.44000244140625
2022-07-12,143.74514770507812,114.30809020996094,247.84873962402344
2022-07-13,143.38050842285156,111.65814208984376,246.9205322265625
2022-07-14,146.3172607421875,110.91465759277344,248.2493438720703
2022-07-15,147.9926300048828,112.23540496826172,250.8287506103516
2022-07-18,144.93759155273438,109.39187622070312,248.4154510498047
2022-07-19,148.8106231689453,114.07967376708984,253.5742950439453
2022-07-20,150.82101440429688,114.15928649902344,256.2513427734375
2022-07-21,153.09751892089844,114.49768829345705,258.7624206542969
2022-07-22,151.85580444335938,107.84917449951172,254.3852386474609
2022-07-25,150.73233032226562,107.69988250732422,252.89031982421875
2022-07-26,149.4019317626953,104.94293975830078,246.11936950683597
2022-07-27,154.5166473388672,113.0644760131836,262.5729064941406
2022-07-28,155.0685272216797,114.0498046875,270.06689453125
2022-07-29,160.15371704101562,116.09014129638672,274.2975769042969
2022-08-01,159.168212890625,114.93561553955078,271.6302185058594
2022-08-02,157.68995666503906,115.3536376953125,268.5133972167969
2022-08-03,163.7212677001953,118.22005462646484,275.9878845214844
2022-08-04,163.40585327148438,118.30963897705078,277.1407775878906
2022-08-05,163.1788787841797,117.6626968383789,276.417724609375
2022-08-08,162.70518493652344,117.58307647705078,273.8871154785156
2022-08-09,162.75453186035156,116.94608306884766,275.8216857910156
2022-08-10,167.01779174804688,120.08123779296876,282.5242919921875
2022-08-11,166.27767944335938,119.25515747070312,280.43341064453125
2022-08-12,169.8402557373047,122.07181549072266,285.21124267578125
2022-08-15,170.9159698486328,122.30072021484376,286.7354431152344
2022-08-16,170.758056640625,121.9324722290039,285.99285888671875
2022-08-17,172.25808715820312,119.75279998779295,285.23895263671875
2022-08-18,171.86334228515625,120.29025268554688,284.1129150390625
2022-08-19,169.26788330078125,117.56317138671876,280.1768493652344
2022-08-22,165.36976623535156,114.52754974365234,271.9521484375
2022-08-23,165.03419494628906,114.22895050048828,270.6695251464844
2022-08-24,165.3302459716797,114.15928649902344,270.0330505371094
2022-08-25,167.7974395751953,117.1451416015625,273.0291748046875
2022-08-26,161.47158813476562,110.77531433105467,262.49383544921875
2022-08-29,159.26100158691406,109.81983947753906,259.6935119628906
2022-08-30,156.82347106933594,109.39187622070312,257.4807434082031
2022-08-31,155.1556396484375,108.63545989990234,256.01202392578125
2022-09-01,155.88595581054688,110.02886199951172,254.9643096923828
2022-09-02,153.76416015625,108.16766357421876,250.7149200439453
2022-09-06,152.50096130371094,106.97333526611328,247.96359252929688
2022-09-07,153.91217041015625,109.9591827392578,252.7025604248047
2022-09-08,152.43190002441406,108.90418243408205,253.1235809326172
2022-09-09,155.30368041992188,111.2530517578125,258.9395446777344
2022-09-12,161.28408813476562,111.34263610839844,261.08380126953125
2022-09-13,151.82000732421875,104.81355285644533,246.72991943359372
2022-09-14,153.27072143554688,105.37092590332033,246.95509338378903
2022-09-15,150.36932373046875,103.4102020263672,240.2578887939453
2022-09-16,148.72122192382812,103.14147186279295,239.6312255859375
2022-09-19,152.4516143798828,103.36043548583984,239.4158477783203
2022-09-20,154.83982849121094,101.3499526977539,237.3890380859375
2022-09-21,151.7015838623047,99.53854370117188,233.96209716796875
2022-09-22,150.73448181152344,100.09589385986328,235.94972229003903
2022-09-23,148.45477294921875,98.7024917602539,232.9535980224609
2022-09-26,148.7903289794922,98.34420013427734,232.493408203125
2022-09-27,149.767333984375,97.62757873535156,231.47512817382807
2022-09-28,147.87252807617188,100.26509857177734,236.037841796875
2022-09-29,140.60919189453125,97.62757873535156,232.54237365722656
2022-09-30,136.38536071777344,95.69673919677734,228.0383758544922
2022-10-03,140.57957458496094,98.83189392089844,235.7147216796875
2022-10-04,144.181640625,101.92723083496094,243.684814453125
2022-10-05,144.4777069091797,101.73811340332033,243.9981384277344
2022-10-06,143.52044677734375,101.75801849365234,241.638427734375
2022-10-07,138.2505645751953,99.10061645507812,229.35040283203125
2022-10-10,138.57623291015625,98.24465942382812,224.46456909179688
2022-10-11,137.15512084960938,97.58777618408205,220.70474243164065
2022-10-12,136.52354431152344,97.83660125732422,221.03761291503903
2022-10-13,141.11248779296875,99.23995208740234,229.35040283203125
2022-10-14,136.56301879882812,96.72188568115234,223.78895568847656
2022-10-17,140.54010009765625,100.3049087524414,232.5717315673828
2022-10-18,141.8625030517578,100.91203308105467,233.52149963378903
2022-10-19,141.97105407714844,99.81721496582033,231.5436553955078
2022-10-20,141.5072479248047,100.05608367919922,231.2205352783203
2022-10-21,145.33627319335938,101.00161743164062,237.0659027099609
2022-10-24,147.4876708984375,102.48458099365234,242.0888519287109
2022-10-25,150.33970642089844,104.4353485107422,245.4276428222656
2022-10-26,147.3889923095703,94.37300872802734,226.49136352539065
2022-10-27,142.89874267578125,92.16346740722656,222.0167694091797
2022-10-28,153.69508361816406,96.1247100830078,230.9463653564453
2022-10-31,151.32656860351562,94.21376037597656,227.2844696044922
2022-11-01,148.67190551757812,90.0733642578125,223.40711975097656
2022-11-02,143.1256866455078,86.65953826904297,215.5055694580078
2022-11-03,137.0564422607422,83.09642028808594,209.7777099609375
2022-11-04,136.78956604003906,86.2912826538086,216.7686462402344
2022-11-07,137.3233184814453,88.23209381103516,223.1133728027344
2022-11-08,137.8966827392578,88.4908676147461,224.09251403808597
2022-11-09,133.31988525390625,86.98798370361328,219.82351684570312
2022-11-10,145.18197631835938,93.72606658935548,237.9079742431641
2022-11-11,147.97946166992188,96.27400207519533,241.95176696777344
2022-11-14,146.5757598876953,95.57730865478516,236.50782775878903
2022-11-15,148.3155517578125,98.25462341308594,236.91905212402344
2022-11-16,147.07989501953125,98.52334594726562,237.35107421875
2022-11-17,148.9877471923828,98.0356674194336,237.30198669433597
2022-11-18,149.55116271972656,97.3389663696289,236.850341796875
2022-11-21,146.30885314941406,95.37824249267578,237.665283203125
2022-11-22,148.4539337158203,96.87117767333984,240.59127807617188
2022-11-23,149.333740234375,98.35414123535156,243.09510803222656
2022-11-25,146.40771484375,97.139892578125,243.00672912597656
2022-11-28,142.5624237060547,95.79627227783205,237.3805084228516
2022-11-29,139.5474853515625,94.9900894165039,235.97642517089844
2022-11-30,146.32864379882812,100.97174835205078,250.51817321777344
2022-12-01,146.6054229736328,100.80255126953124,250.0763092041016
2022-12-02,146.11119079589844,100.35468292236328,250.4003143310547
2022-12-05,144.94473266601562,99.39920806884766,245.6676177978516
2022-12-06,141.26748657226562,96.85126495361328,240.6796417236328
2022-12-07,139.3201446533203,94.70145416259766,239.9432678222656
2022-12-08,141.01048278808594,93.50711059570312,242.9183654785156
2022-12-09,140.52610778808594,92.63125610351562,240.97422790527344
2022-12-12,142.829345703125,93.1189422607422,247.935791015625
2022-12-13,143.79806518554688,95.3981475830078,252.26589965820312
2022-12-14,141.5640411376953,94.8606948852539,252.5605010986328
2022-12-15,134.93115234375,90.7700653076172,244.4991912841797
2022-12-16,132.96405029296875,90.4316864013672,240.25747680664065
2022-12-19,130.84861755371094,88.72974395751953,236.0942840576172
2022-12-20,130.77943420410156,89.20746612548828,237.4198303222656
2022-12-21,133.8932342529297,89.82454681396484,240.00218200683597
2022-12-22,130.71023559570312,87.84393310546875,233.87521362304688
2022-12-23,130.344482421875,89.3866195678711,234.4054107666016
2022-12-27,128.5355224609375,87.51549530029297,232.66748046875
2022-12-28,124.59136962890624,86.05241394042969,230.28152465820312
2022-12-29,128.12033081054688,88.53067779541016,236.6441192626953
2022-12-30,128.4366455078125,88.31171417236328,235.47569274902344
2023-01-03,123.63253784179688,89.27713775634766,235.24002075195312
2023-01-04,124.90769958496094,88.29180908203125,224.94989013671875
2023-01-05,123.5831069946289,86.36095428466797,218.28286743164065
2023-01-06,128.1302032470703,87.7444076538086,220.8554229736328
2023-01-09,128.6541290283203,88.38139343261719,223.00570678710935
2023-01-10,129.22747802734375,88.81930541992188,224.7044219970703
2023-01-11,131.9557647705078,91.82508087158205,231.4990692138672
2023-01-12,131.8766632080078,91.47673034667967,234.1894073486328
2023-01-13,133.21116638183594,92.36253356933594,234.89634704589844
2023-01-17,134.37759399414062,91.72555541992188,235.99609375
2023-01-18,133.65599060058594,91.34732818603516,231.53829956054688
2023-01-19,133.71530151367188,93.4673080444336,227.7286071777344
2023-01-20,136.28541564941406,98.81198120117188,235.86843872070312
2023-01-23,139.48818969726562,100.73287963867188,238.1857147216797
2023-01-24,140.89186096191406,98.74230194091795,237.65545654296875
2023-01-25,140.22955322265625,96.27400207519533,236.2513885498047
2023-01-26,142.305419921875,98.69255828857422,243.50750732421875
2023-01-27,144.2527618408203,100.23523712158205,243.6646270751953
2023-01-30,141.3564453125,97.48824310302734,238.31333923339844
2023-01-31,142.63160705566406,99.39920806884766,243.32090759277344
2023-02-01,143.75852966308594,100.95184326171876,248.17144775390625
2023-02-02,149.0865936279297,108.287109375,259.80682373046875
2023-02-03,152.72427368164062,104.72398376464844,253.6699981689453
2023-02-06,149.986083984375,102.98223114013672,252.1186370849609
2023-02-07,152.87255859375,107.53068542480467,262.7131652832031
2023-02-08,150.17391967773438,99.52857971191406,261.898193359375
2023-02-09,149.13600158691406,95.00999450683594,258.8445129394531
2023-02-10,149.50230407714844,94.4128189086914,258.333984375
2023-02-13,152.31396484375,94.55215454101562,266.40509033203125
2023-02-14,151.67044067382812,94.50240325927734,267.2396545410156
2023-02-15,153.7791748046875,96.64225006103516,265.1036682128906
2023-02-16,152.17535400390625,95.32848358154295,258.0458984375
2023-02-17,151.02694702148438,94.1440887451172,254.0199279785156
2023-02-21,146.99757385253906,91.6160659790039,248.71429443359372
2023-02-22,147.42327880859375,91.36724090576172,247.5724639892578
2023-02-23,147.90838623046875,90.64067840576172,250.7814178466797
2023-02-24,145.2452392578125,88.92878723144531,245.31832885742188
2023-02-27,146.4431610107422,89.67525482177734,246.2436065673828
2023-02-28,145.93824768066406,89.87432098388672,245.51515197753903
2023-03-01,143.85922241210938,90.08332824707033,242.4145050048828
2023-03-02,144.45323181152344,91.87483978271484,247.17872619628903
2023-03-03,149.5220947265625,93.57677459716795,251.2932586669922
2023-03-06,152.29415893554688,95.12942504882812,252.84857177734372
2023-03-07,150.08645629882812,93.72606658935548,250.17111206054688
2023-03-08,151.34373474121094,94.20380401611328,249.7281646728516
2023-03-09,149.0865020751953,92.22319793701172,248.3697967529297
2023-03-10,147.01739501953125,90.58096313476562,244.6981506347656
2023-03-13,148.96771240234375,91.2279052734375,249.94471740722656
2023-03-14,151.06654357910156,93.80569458007812,256.7071838378906
2023-03-15,151.4625244140625,96.0948486328125,261.28436279296875
2023-03-16,154.29400634765625,100.59354400634766,271.8759155273437
2023-03-17,153.4524688720703,101.97698974609376,275.05535888671875
2023-03-20,155.82850646972656,101.4494857788086,267.96807861328125
2023-03-21,157.68972778320312,105.34104919433594,269.4938049316406
2023-03-22,156.2541961669922,103.72869110107422,268.0271301269531
2023-03-23,157.3432159423828,105.75908660888672,273.31304931640625
2023-03-24,158.65003967285156,105.56000518798828,276.1775207519531
2023-03-27,156.69973754882812,102.57416534423828,272.0531005859375
2023-03-28,156.07601928710938,100.8821792602539,270.92108154296875
2023-03-29,159.1648712158203,101.4196319580078,276.11846923828125
2023-03-30,160.73899841308594,100.84236145019533,279.6029663085937
2023-03-31,163.25363159179688,103.50973510742188,283.7864990234375
2023-04-03,164.51095581054688,104.41544342041016,282.7332763671875
2023-04-04,163.97633361816406,104.62445831298828,282.6839904785156
2023-04-05,162.12503051757812,104.45524597167967,279.8884582519531
2023-04-06,163.01605224609375,108.38664245605467,287.0348815917969
2023-04-10,160.41229248046875,106.4458236694336,284.8594665527344
2023-04-11,159.194580078125,105.61973571777344,278.402099609375
2023-04-12,158.50157165527344,104.72398376464844,279.05181884765625
2023-04-13,163.90701293945312,107.67998504638672,285.3023681640625
2023-04-14,163.560546875,108.9439926147461,281.66033935546875
2023-04-17,163.58030700683594,105.91831970214844,284.2786560058594
2023-04-18,164.8079376220703,104.62445831298828,283.8554077148437
2023-04-19,165.95639038085938,104.52491760253906,283.93414306640625
2023-04-20,164.9861602783203,105.40077209472656,281.6307678222656
2023-04-21,163.3724365234375,105.41073608398438,281.2862243652344
2023-04-24,163.67935180664062,106.27661895751952,277.3586730957031
2023-04-25,162.13491821289062,104.11685943603516,271.108154296875
2023-04-26,162.12503051757812,103.95760345458984,290.7457580566406
2023-04-27,166.72857666015625,107.859130859375,300.05767822265625
2023-04-28,167.98590087890625,107.7098388671875,302.4496765136719
2023-05-01,167.8968048095703,107.20223236083984,300.7762451171875
2023-05-02,166.85728454589844,105.48039245605467,300.62860107421875
2023-05-03,165.77818298339844,105.61973571777344,299.6343994140625
2023-05-04,164.13475036621094,104.71401977539062,300.62860107421875
2023-05-05,171.83706665039062,105.71427917480467,305.7865600585937
2023-05-08,171.76776123046875,107.729736328125,303.81787109375
2023-05-09,170.05503845214844,107.43115997314452,302.1937561035156
2023-05-10,171.82716369628906,111.75070190429688,307.42059326171875
2023-05-11,172.01527404785156,116.3489227294922,305.25506591796875
2023-05-12,171.0833740234375,117.36410522460938,304.1329345703125
2023-05-15,170.58767700195312,116.40863037109376,304.6152038574219
2023-05-16,170.58767700195312,119.52388763427734,306.8594970703125
2023-05-17,171.20233154296875,120.9073257446289,309.75982666015625
2023-05-18,173.5419921875,122.9376983642578,314.21875
2023-05-19,173.6510467529297,122.66897583007812,314.04119873046875
2023-05-22,172.69931030273438,125.2766342163086,316.8428955078125
2023-05-23,170.08206176757812,122.70880126953124,311.0027770996094
2023-05-24,170.35964965820312,121.06657409667967,309.6118469238281
2023-05-25,171.499755859375,123.76378631591795,321.5188903808594
2023-05-26,173.91871643066406,124.83869934082033,328.39471435546875
2023-05-30,175.77259826660156,124.05242156982422,326.7373962402344
2023-05-31,175.72303771972656,122.7884292602539,323.9555358886719
2023-06-01,178.53857421875,123.78369903564452,328.08892822265625
2023-06-02,179.3911895751953,124.63965606689452,330.8708190917969
2023-06-05,178.03298950195312,126.03305053710938,331.403564453125
2023-06-06,177.6661834716797,127.30702209472656,329.174072265625
2023-06-07,176.2881317138672,122.36044311523438,319.0131530761719
2023-06-08,179.0144500732422,122.09171295166016,320.8678283691406
2023-06-09,179.40110778808594,122.29077911376952,322.37713623046875
2023-06-12,182.20669555664065,123.76378631591795,327.3687744140625
2023-06-13,181.7308349609375,123.84342193603516,329.7758483886719
2023-06-14,182.3653259277344,123.7936553955078,332.7846069335937
2023-06-15,184.40757751464844,125.19700622558594,343.3993530273437
2023-06-16,183.32696533203125,123.47515869140624,337.70721435546875
2023-06-20,183.41619873046875,123.26614379882812,333.48504638671875
2023-06-21,182.375244140625,120.68836212158205,329.0556945800781
2023-06-22,185.38905334472656,123.28606414794922,335.1226501464844
2023-06-23,185.07179260253903,122.4400634765625,330.4959716796875
2023-06-26,183.6739501953125,118.52859497070312,324.16265869140625
2023-06-27,186.4399261474609,118.448974609375,330.052001953125
2023-06-28,187.61965942382807,120.50921630859376,331.31475830078125
2023-06-29,187.9567413330078,119.44425201416016,330.5255432128906
2023-06-30,192.29901123046875,120.39973449707033,335.94146728515625
2023-07-03,190.80203247070312,119.99166870117188,333.4259033203125
2023-07-05,189.6817626953125,122.05189514160156,333.583740234375
2023-07-06,190.1576232910156,120.35992431640624,336.6615600585937
2023-07-07,189.037353515625,119.57363891601562,332.666259765625
2023-07-10,186.9851837158203,116.3190689086914,327.3490295410156
2023-07-11,186.45974731445312,117.15509796142578,327.9804077148437
2023-07-12,188.1352081298828,119.05609130859376,332.64654541015625
2023-07-13,188.8985748291016,124.24153900146484,338.0328369140625
2023-07-14,189.04725646972656,125.10742950439452,340.57794189453125
2023-07-17,192.31884765625,124.47045135498048,341.06134033203125
2023-07-18,192.0610809326172,123.4950714111328,354.6354675292969
2023-07-19,193.41928100585935,122.20120239257812,350.2850646972656
2023-07-20,191.4662628173828,118.96652221679688,342.1859436035156
2023-07-21,190.28651428222656,119.74284362792967,339.1278076171875
2023-07-24,191.0895233154297,121.30543518066406,340.4497375488281
2023-07-25,191.9520263671875,122.2111587524414,346.2404479980469
2023-07-26,192.82443237304688,129.04876708984375,333.2088317871094
2023-07-27,191.5554656982422,129.25778198242188,326.2539978027344
2023-07-28,194.1429901123047,132.38294982910156,333.8007507324219
2023-07-31,194.7576446533203,132.48251342773438,331.3838195800781
2023-08-01,193.9248809814453,131.26824951171875,331.7981262207031
2023-08-02,190.9209899902344,128.0335693359375,323.0775451660156
2023-08-03,189.52313232421875,128.1629638671875,322.2488708496094
2023-08-04,180.42222595214844,127.9340362548828,323.353759765625
2023-08-07,177.3092498779297,131.31800842285156,325.6522827148437
2023-08-08,178.25106811523438,131.21849060058594,321.64703369140625
2023-08-09,176.65493774414062,129.53646850585938,317.87872314453125
2023-08-10,176.4368438720703,129.59617614746094,318.5692138671875
2023-08-11,176.49639892578125,129.55636596679688,316.6752014160156
2023-08-14,178.1542510986328,131.2085418701172,319.6642761230469
2023-08-15,176.1588897705078,129.65589904785156,317.5136413574219
2023-08-16,175.2852783203125,128.50135803222656,316.7425842285156
2023-08-17,172.73399353027344,129.8450164794922,313.2627258300781
2023-08-18,173.22044372558594,127.50607299804688,312.8673400878906
2023-08-21,174.56060791015625,128.32220458984375,318.2057189941406
2023-08-22,175.94049072265625,129.07862854003906,318.779052734375
2023-08-23,179.80218505859375,132.58201599121094,323.2672119140625
2023-08-24,175.09669494628906,129.80519104003906,316.3174743652344
2023-08-25,177.31044006347656,130.0738983154297,319.29315185546875
2023-08-28,178.8789825439453,131.16871643066406,320.00494384765625
2023-08-29,182.7803497314453,134.8512725830078,324.66119384765625
2023-08-30,186.28466796875,136.28448486328125,325.0368347167969
2023-08-31,186.5030670166016,136.70252990722656,324.0185852050781
2023-09-01,188.08151245117188,136.1551055908203,324.9082946777344
2023-09-05,188.31976318359372,136.06553649902344,329.7424621582031
2023-09-06,181.57916259765625,134.73182678222656,329.08013916015625
2023-09-07,176.26808166503906,135.5579376220703,326.14404296875
2023-09-08,176.88356018066406,136.55322265625,330.4542541503906
2023-09-11,178.0549774169922,137.09068298339844,334.0823974609375
2023-09-12,175.0172576904297,135.4285430908203,327.9827880859375
2023-09-13,172.94247436523438,136.85182189941406,332.22381591796875
2023-09-14,174.4613494873047,138.33477783203125,334.83367919921875
2023-09-15,173.7366180419922,137.64804077148438,326.45050048828125
2023-09-18,176.6750946044922,138.304931640625,325.30377197265625
2023-09-19,177.76710510253906,138.175537109375,324.8984069824219
2023-09-20,174.21316528320312,133.9555206298828,317.1083374023437
2023-09-21,172.66448974609375,130.74073791503906,315.8825378417969
2023-09-22,173.51821899414062,130.63128662109375,313.3913269042969
2023-09-25,174.79884338378906,131.54693603515625,313.9152526855469
2023-09-26,170.70883178710938,128.8397674560547,308.5768737792969
2023-09-27,169.18997192382812,130.8402862548828,309.21942138671875
2023-09-28,169.4480743408203,132.5023956298828,310.05975341796875
2023-09-29,169.9643096923828,131.2284393310547,312.1456604003906
2023-10-02,172.48580932617188,134.5327911376953,318.1265869140625
2023-10-03,171.14561462402344,132.67161560058594,309.8126525878906
2023-10-04,172.39645385742188,135.6276092529297,315.31903076171875
2023-10-05,173.63734436035156,135.3489227294922,315.7144470214844
2023-10-06,176.19857788085938,138.0760040283203,323.5242919921875
2023-10-09,177.68768310546875,138.84237670898438,326.0550537109375
2023-10-10,177.09202575683594,138.54380798339844,324.6413879394531
2023-10-11,178.49179077148438,141.03199768066406,328.6253967285156
2023-10-12,179.39517211914062,139.62864685058594,327.3797302246094
2023-10-13,177.54872131347656,137.9267120361328,323.9888916015625
2023-10-16,177.4196319580078,139.82772827148438,328.8428955078125
2023-10-17,175.86106872558594,140.3253631591797,328.2695007324219
2023-10-18,174.56060791015625,138.62342834472656,326.3417358398437
2023-10-19,174.18338012695312,138.3248291015625,327.5379333496094
2023-10-20,171.6221466064453,136.0953826904297,322.9410705566406
2023-10-23,171.74127197265625,137.2499237060547,325.560791015625
2023-10-24,172.17807006835938,139.45945739746094,326.7569580078125
2023-10-25,169.8551025390625,126.07286071777344,336.7811889648437
2023-10-26,165.67572021484375,122.85808563232422,324.1471252441406
2023-10-27,166.9960479736328,122.81827545166016,326.0451965332031
2023-10-30,169.05096435546875,125.15719604492188,333.4595642089844
2023-10-31,169.52748107910156,124.7093276977539,334.2504272460937
2023-11-01,172.70420837402344,126.96861267089844,342.1195983886719
2023-11-02,176.2780303955078,127.97386169433594,344.3439025878906
2023-11-03,175.36468505859375,129.7554168701172,348.7727355957031
2023-11-06,177.92593383789062,130.83033752441406,352.4601135253906
2023-11-07,180.49710083007807,131.77584838867188,356.4145202636719
2023-11-08,181.55929565429688,132.63180541992188,359.0540466308594
2023-11-09,181.08282470703125,131.06919860839844,356.5726928710937
2023-11-10,185.2875518798828,133.42800903320312,365.4501953125
2023-11-13,183.69708251953125,133.00999450683594,362.4942932128906
2023-11-14,186.3213348388672,134.79156494140625,366.0433044433594
2023-11-15,186.88792419433597,135.73707580566406,366.1919250488281
2023-11-16,188.5778045654297,138.04615783691406,372.6307373046875
2023-11-17,188.55792236328125,136.29444885253906,366.3702087402344
2023-11-20,190.30740356445312,137.2698211669922,373.8887939453125
2023-11-21,189.5022430419922,137.96653747558594,369.5599365234375
2023-11-22,190.16824340820312,139.3599395751953,374.2949523925781
2023-11-24,188.83624267578125,137.56842041015625,373.8788757324219
2023-11-27,188.6573028564453,137.3992156982422,375.04779052734375
2023-11-28,189.263671875,137.96653747558594,379.0993347167969
2023-11-29,188.2398376464844,135.7570037841797,375.2855224609375
2023-11-30,188.8163604736328,133.28868103027344,375.3450012207031
2023-12-01,190.0986785888672,132.69151306152344,370.9864196777344
2023-12-04,188.2994537353516,130.01419067382812,365.6669006347656
2023-12-05,192.26564025878903,131.76589965820312,369.01507568359375
2023-12-06,191.17222595214844,130.81040954589844,365.330078125
2023-12-07,193.11058044433597,137.7973175048828,367.4598388671875
2023-12-08,194.5419921875,135.99586486816406,370.708984375
2023-12-11,192.02706909179688,134.06500244140625,367.8065490722656
2023-12-12,193.5479736328125,133.00999450683594,370.8575439453125
2023-12-13,196.7785797119141,133.3384552001953,370.8476867675781
2023-12-14,196.9276885986328,132.5720672607422,362.4870910644531
2023-12-15,196.3909149169922,133.2090606689453,367.241943359375
2023-12-18,194.7209014892578,136.54327392578125,369.1438598632813
2023-12-19,195.76466369628903,137.448974609375,369.7481384277344
2023-12-20,193.6672515869141,139.00161743164062,367.1329956054688
2023-12-21,193.5181121826172,141.1315460205078,370.0254821777344
2023-12-22,192.444580078125,142.04721069335938,371.0556640625
2023-12-26,191.8978729248047,142.146728515625,371.1349792480469
2023-12-27,191.9972686767578,140.77325439453125,370.5505065917969
2023-12-28,192.4247131347656,140.61398315429688,371.74908447265625
2023-12-29,191.3809509277344,140.265625,372.50201416015625
2024-01-02,184.53208923339844,138.902099609375,367.3805847167969
2024-01-03,183.150390625,139.69833374023438,367.1131591796875
2024-01-04,180.8243408203125,137.38926696777344,364.4782104492188
2024-01-05,180.09869384765625,136.74232482910156,364.2899475097656
2024-01-08,184.4525604248047,139.86752319335938,371.1646728515625
2024-01-09,184.0350799560547,141.88795471191406,372.25433349609375
2024-01-10,185.0788116455078,143.1221160888672,379.1686096191406
2024-01-11,184.48239135742188,142.99270629882812,381.01116943359375
2024-01-12,184.8104248046875,143.56004333496094,384.8150329589844
2024-01-16,182.53407287597656,143.4008026123047,386.59808349609375
2024-01-17,181.5897521972656,142.21640014648438,385.8056335449219
2024-01-18,187.50424194335935,144.30650329589844,390.1642456054688
2024-01-19,190.4167633056641,147.2724609375,394.9190368652344
2024-01-22,192.7328338623047,147.013671875,392.7793884277344
2024-01-23,194.01516723632807,147.97909545898438,395.1468811035156
2024-01-24,193.33920288085935,149.6412353515625,398.7724304199219
2024-01-25,193.0111846923828,152.9157257080078,401.0606994628906
2024-01-26,191.27163696289065,153.0650177001953,400.1295776367188
2024-01-29,190.5857391357422,154.1100616455078,405.8651123046875
2024-01-30,186.91775512695312,152.32852172851562,404.7456970214844
2024-01-31,183.2994842529297,141.1315460205078,393.83929443359375
2024-02-01,185.7448272705078,142.03726196289062,399.9809875488281
2024-02-02,184.7408447265625,142.8633270263672,407.3509826660156
2024-02-05,186.55990600585935,144.2467803955078,401.8333740234375
2024-02-06,188.17025756835935,144.7245330810547,401.6748962402344
2024-02-07,188.27960205078125,145.988525390625,410.15435791015625
2024-02-08,187.19610595703125,146.5260009765625,410.2137756347656
2024-02-09,187.9624938964844,149.5118408203125,416.5931701660156
2024-02-12,186.2704620361328,148.02886962890625,411.3529968261719
2024-02-13,184.1703643798828,145.67999267578125,402.4971008300781
2024-02-14,183.28456115722656,146.44635009765625,406.3873596191406
2024-02-15,182.9959259033203,143.26144409179688,403.4795837402344
2024-02-16,181.45318603515625,141.0917205810547,400.9985046386719
2024-02-20,180.70672607421875,141.52964782714844,399.7381591796875
2024-02-21,181.46316528320312,143.1619110107422,399.1327819824219
2024-02-22,183.50352478027344,144.63494873046875,408.5310363769531
2024-02-23,181.6622314453125,144.60508728027344,407.2309265136719
2024-02-26,180.30862426757807,138.0959014892578,404.4521789550781
2024-02-27,181.77169799804688,139.43955993652344,404.3926086425781
2024-02-28,180.5673828125,136.78213500976562,404.6307678222656
2024-02-29,179.90052795410156,139.12106323242188,410.5059814453125
2024-03-01,178.815673828125,137.4290771484375,412.3518371582031
2024-03-04,174.277099609375,133.56736755371094,411.7762451171875
2024-03-05,169.32049560546875,133.1493377685547,399.5992126464844
2024-03-06,168.32518005371094,131.93508911132812,399.04345703125
2024-03-07,168.2057647705078,134.6024627685547,406.0400695800781
2024-03-08,169.92762756347656,135.6475067138672,403.1421508789063
2024-03-11,171.93814086914062,138.28501892089844,401.4550476074219
2024-03-12,172.41586303710938,138.96180725097656,412.1334838867188
2024-03-13,170.3257598876953,140.1063995361328,411.9548645019531
2024-03-14,172.1869659423828,143.6595458984375,421.9981994628906
2024-03-15,171.80874633789062,141.49978637695312,413.264892578125
2024-03-18,172.90357971191406,147.78004455566406,414.1580505371094
2024-03-19,175.25247192382812,147.22268676757812,418.2170715332031
2024-03-20,177.83030700683594,148.97438049316406,422.0081481933594
2024-03-21,170.5646209716797,148.03883361816406,426.1167602539063
2024-03-22,171.47035217285156,151.05453491210938,425.4915161132813
2024-03-25,170.0470733642578,150.4374542236328,419.6560668945313
2024-03-26,168.9124298095703,150.98486328125,418.4552001953125
2024-03-27,172.49549865722656,151.22373962402344,418.2369079589844
2024-03-28,170.67410278320312,151.54222106933594,417.53228759765625
2024-04-01,169.23092651367188,155.7622528076172,421.3531188964844
2024-04-02,168.04649353027344,155.1352081298828,418.2468566894531
2024-04-03,168.85269165039062,155.63284301757812,417.2643737792969
2024-04-04,168.026611328125,151.22373962402344,414.71380615234375
2024-04-05,168.7830352783203,153.2143096923828,422.2959289550781
2024-04-08,167.65834045410156,155.4039306640625,421.3729553222656
2024-04-09,168.8726043701172,157.39450073242188,423.0501708984375
2024-04-10,166.99147033691406,156.91677856445312,420.0530395507813
2024-04-11,174.2173614501953,160.03201293945312,424.6876220703125
2024-04-12,175.72027587890625,158.43955993652344,418.7033386230469
2024-04-15,171.87841796875,155.59304809570312,410.5059814453125
2024-04-16,168.583984375,155.2646026611328,411.4387817382813
2024-04-17,167.21046447753906,156.1404571533203,408.7195434570313
2024-04-18,166.25497436523438,156.71771240234375,401.2069396972656
2024-04-19,164.22454833984375,154.98593139648438,396.095947265625
2024-04-22,165.06060791015625,157.20538330078125,397.9219970703125
2024-04-23,166.11563110351562,159.16612243652344,404.48193359375
2024-04-24,168.2256622314453,160.34054565429688,405.9606018066406
2024-04-25,169.09158325195312,157.20538330078125,396.01654052734375
2024-04-26,168.5043487548828,172.8712158203125,403.2414245605469
2024-04-29,172.6846160888672,167.10848999023438,399.2022399902344
2024-04-30,169.52951049804688,163.86386108398438,386.380126953125
2024-05-01,168.5043487548828,164.78948974609375,391.9476318359375
2024-05-02,172.21681213378906,167.66587829589844,394.8256530761719
2024-05-03,182.51817321777344,168.19337463378906,403.5788269042969
2024-05-06,180.8560333251953,169.02938842773438,410.4067077636719
2024-05-07,181.54278564453125,172.16453552246094,406.2384948730469
2024-05-08,181.8811798095703,170.35313415527344,407.4294128417969
2024-05-09,183.70260620117188,170.77114868164062,409.1959533691406
2024-05-10,182.4368438720703,169.48721313476562,411.59759521484375
2024-05-13,185.6560211181641,170.0943603515625,410.5852966308594
2024-05-14,186.8021697998047,171.11949157714844,413.40380859375
2024-05-15,189.0845184326172,173.060302734375,420.6317443847656
2024-05-16,189.2041015625,174.60301208496094,418.5538330078125
2024-05-17,189.23399353027344,176.45423889160156,417.7783203125
2024-05-20,190.40008544921875,177.6187286376953,422.878662109375
2024-05-21,191.7057037353516,178.69361877441406,426.5572509765625
2024-05-22,190.2605438232422,177.160888671875,428.0286865234375
2024-05-23,186.25401306152344,174.2347412109375,424.5290832519531
2024-05-24,189.3436279296875,175.49876403808594,427.6707763671875
2024-05-28,189.3535919189453,177.18080139160156,427.8298645019531
2024-05-29,189.652587890625,176.56370544433594,426.6865234375
2024-05-30,190.6492462158203,172.74180603027344,412.2704162597656
2024-05-31,191.60601806640625,173.13992309570312,412.7277526855469
2024-06-03,193.38006591796875,173.59776306152344,411.1270446777344
2024-06-04,193.69900512695312,174.30442810058594,413.6623229980469
2024-06-05,195.21389770507807,176.2352752685547,421.5563659667969
2024-06-06,193.82855224609372,177.50924682617188,422.0633850097656
2024-06-07,196.23046875,175.12054443359375,421.3973083496094
2024-06-10,192.47311401367188,175.99740600585938,425.39404296875
2024-06-11,206.4561004638672,177.5518035888672,430.1761779785156
2024-06-12,212.35629272460935,178.91690063476562,438.5076904296875
2024-06-13,213.5223846435547,176.10699462890625,439.0246887207031
2024-06-14,211.7782440185547,177.73117065429688,440.0089721679688
2024-06-17,215.94422912597656,178.1396942138672,445.775390625
2024-06-18,213.5721893310547,175.8180389404297,443.7571411132813
2024-06-20,208.97764587402344,177.07354736328125,443.1208801269531
2024-06-21,206.79498291015625,179.61439514160156,447.17724609375
2024-06-24,207.4427947998047,180.14248657226562,445.0794677734375
2024-06-25,208.36968994140625,184.91534423828125,448.3404541015625
2024-06-26,212.5356903076172,184.70606994628903,449.54345703125
2024-06-27,213.38284301757807,186.1907501220703,450.2294921875
2024-06-28,209.9144744873047,182.76307678222656,444.3636169433594
2024-07-01,216.02395629882807,183.8292388916016,454.0870361328125
2024-07-02,219.53216552734372,185.941650390625,456.6222534179688
2024-07-03,220.8078765869141,186.71885681152344,458.1036376953125
2024-07-05,225.5818328857422,191.27249145507807,464.8543395996094
2024-07-08,227.056884765625,189.79779052734372,463.5419921875
2024-07-09,227.9139862060547,189.7579345703125,456.8807678222656
2024-07-10,232.1995849609375,191.9699859619141,463.5519409179688
2024-07-11,226.80772399902344,186.62918090820312,452.06878662109375
2024-07-12,229.76776123046875,186.1110382080078,450.9254150390625
2024-07-15,233.6148376464844,187.5159912109375,451.3330383300781
2024-07-16,234.03343200683597,184.8356170654297,446.9187316894531
2024-07-17,228.1133270263672,181.9659423828125,440.9534606933594
2024-07-18,223.42906188964844,178.578125,437.82171630859375
2024-07-19,223.55862426757807,178.74749755859375,434.5805358886719
2024-07-22,223.20982360839844,182.69332885742188,440.3768310546875
2024-07-23,224.25628662109372,182.9424285888672,442.2757873535156
2024-07-24,217.80796813964844,173.7454833984375,426.4180603027344
2024-07-25,216.7614898681641,168.55413818359375,415.9788208007813
2024-07-26,217.22991943359372,168.07586669921875,422.8090515136719
2024-07-29,217.50897216796875,170.51708984375,424.2606506347656
2024-07-30,218.0670928955078,171.24447631835938,420.4726867675781
2024-07-31,221.3361053466797,172.52984619140625,415.92913818359375
2024-08-01,217.6285552978516,171.8323516845703,414.6962585449219
2024-08-02,219.12355041503903,167.79685974121094,406.1261901855469
2024-08-05,208.56903076171875,160.06466674804688,392.8633728027344
2024-08-06,206.53585815429688,159.9650115966797,397.2975463867188
2024-08-07,209.1171722412109,160.1742706298828,396.1243591308594
2024-08-08,212.59548950195312,163.25318908691406,400.3597106933594
2024-08-09,215.51568603515625,164.7976531982422,403.6704711914063
2024-08-12,217.0522918701172,163.36280822753906,404.4559020996094
2024-08-13,220.78407287597656,165.335693359375,411.6142578125
2024-08-14,221.23309326171875,161.44967651367188,414.4477233886719
2024-08-15,224.22650146484372,162.58560180664062,419.34808349609375
2024-08-16,225.5535888671875,164.1499786376953,416.7983093261719
2024-08-19,225.39393615722656,167.79685974121094,419.8460998535156
2024-08-20,226.0125732421875,168.35487365722656,423.10302734375
2024-08-21,225.90280151367188,167.0296173095703,422.4456787109375
2024-08-22,224.03692626953125,164.8972930908203,413.8899841308594
2024-08-23,226.3418426513672,166.830322265625,415.1250305175781
2024-08-26,226.68109130859372,167.3285369873047,411.8381958007813
2024-08-27,227.5292205810547,165.78411865234375,412.1867980957031
2024-08-28,225.99261474609372,163.91082763671875,408.9597778320313
2024-08-29,229.28536987304688,162.8147735595703,411.4696960449219
2024-08-30,228.49710083007807,164.51864624023438,415.4736328125
2024-09-03,222.28077697753903,158.04193115234375,407.8043823242188
2024-09-04,220.3650054931641,157.2447967529297,407.26654052734375
2024-09-05,221.89163208007807,158.03196716308594,406.7585754394531
2024-09-06,220.3350830078125,151.58514404296875,400.0953063964844
2024-09-09,220.42486572265625,149.2005615234375,404.0992431640625
2024-09-10,219.6266326904297,149.66949462890625,412.5453796386719
2024-09-11,222.1710205078125,151.80462646484375,421.3500671386719
2024-09-12,222.28077697753903,155.1869354248047,425.2942504882813
2024-09-13,222.01138305664065,158.01051330566406,428.8699035644531
2024-09-16,215.84495544433597,158.62911987304688,429.6169128417969
2024-09-17,216.31390380859372,159.9161834716797,433.4116821289063
2024-09-18,220.20535278320312,160.44497680664062,429.0890197753906
2024-09-19,228.3673858642578,162.86947631835938,436.93756103515625
2024-09-20,227.6988525390625,164.2662811279297,433.53118896484375
2024-09-23,225.97265625,162.69985961914062,431.77825927734375
2024-09-24,226.8706817626953,163.2685546875,427.4555969238281
2024-09-25,225.8728790283203,162.6200408935547,430.3838195800781
2024-09-26,227.02035522460935,163.4581298828125,429.5870361328125
2024-09-27,227.2897491455078,164.91481018066406,426.3101501464844
2024-09-30,232.4883270263672,166.8105010986328,428.5810546875
2024-10-01,225.71324157714844,168.03770446777344,419.0094604492188
2024-10-02,226.281982421875,166.9302215576172,415.4636535644531
2024-10-03,225.1744079589844,166.83045959472656,414.87603759765625
2024-10-04,226.30194091796875,168.17738342285156,414.39794921875
2024-10-07,221.20315551757807,164.016845703125,407.9039916992188
2024-10-08,225.27420043945312,165.32386779785156,413.0533447265625
2024-10-09,229.03591918945312,162.6898651123047,415.7923278808594
2024-10-10,228.5370178222656,162.80958557128906,414.1788330078125
2024-10-11,227.05029296875,164.1465606689453,414.6568908691406
2024-10-14,230.79205322265625,165.972412109375,417.4656677246094
2024-10-15,233.33645629882807,166.52114868164062,417.0672302246094
2024-10-16,231.27099609375,166.3615264892578,414.4577026367188
2024-10-17,231.6401824951172,164.13656616210938,415.0552978515625
2024-10-18,234.48391723632807,164.67535400390625,416.4895629882813
2024-10-21,235.96067810058597,165.4236602783203,417.1070861816406
2024-10-22,235.342041015625,166.44134521484375,425.8022155761719
2024-10-23,230.25323486328125,164.1066436767578,422.9038391113281
2024-10-24,230.0636749267578,164.1565399169922,423.0333251953125
2024-10-25,230.9018096923828,166.61094665527344,426.4396362304688
2024-10-28,232.88743591308597,167.9578857421875,424.8858642578125
2024-10-29,233.15684509277344,170.7515411376953,430.2244873046875
2024-10-30,229.5946807861328,175.7401885986328,430.8021545410156
2024-10-31,225.4138946533203,172.2980194091797,404.7267456054688
2024-11-01,222.42047119140625,172.2581024169922,408.7306823730469
2024-11-04,221.5224456787109,170.29257202148438,406.8283081054688
2024-11-05,222.95928955078125,171.02093505859375,409.8163146972656
2024-11-06,222.23089599609372,177.92520141601562,418.50146484375
2024-11-07,226.98043823242188,181.86624145507807,423.7304992675781
2024-11-08,226.7107391357422,179.4517364501953,420.85205078125
2024-11-11,223.98373413085935,181.55694580078125,416.3401489257813
2024-11-12,223.98373413085935,182.9038848876953,421.340087890625
2024-11-13,224.8727569580078,180.08030700683594,423.5014343261719
2024-11-14,227.9693603515625,176.94744873046875,425.1846923828125
2024-11-15,224.7528839111328,173.49530029296875,413.3421936035156
2024-11-18,227.7695770263672,176.39869689941406,414.0991516113281
2024-11-19,228.0292816162109,179.17237854003906,416.12103271484375
2024-11-20,228.7484893798828,176.92747497558594,413.8302001953125
2024-11-21,228.2690277099609,168.85585021972656,412.0437927246094
2024-11-22,229.61753845214844,166.19192504882812,416.16552734375
2024-11-25,232.6142425537109,169.04539489746094,417.9519653320313
2024-11-26,234.8018341064453,170.23269653320312,427.133544921875
2024-11-27,234.67198181152344,170.43226623535156,422.1435546875
2024-11-29,237.06935119628903,170.10301208496094,422.6126098632813
2024-12-02,239.3268585205078,172.58734130859375,430.1175842285156
2024-12-03,242.3834991455078,172.62725830078125,430.3371276855469
2024-12-04,242.74310302734372,175.69029235839844,436.544677734375
2024-12-05,242.7730712890625,173.91432189941406,441.7342529296875
2024-12-06,242.5732879638672,176.0894012451172,442.682373046875
2024-12-09,246.47900390625,176.89846801757812,445.12744140625
2024-12-10,247.4978790283203,186.31773376464844,442.4428405761719
2024-12-11,246.2192840576172,196.4861602783203,448.0915222167969
2024-12-12,247.68768310546875,193.4096527099609,448.6603698730469
2024-12-13,247.85748291015625,191.16221618652344,446.37493896484375
2024-12-16,250.7642822265625,197.93450927734372,450.6863098144531
2024-12-17,253.20159912109372,196.8956756591797,453.5505676269531
2024-12-18,247.77757263183597,189.93360900878903,436.5147399902344
2024-12-19,249.51565551757807,189.484130859375,436.1554565429688
2024-12-20,254.21051025390625,192.74041748046875,435.726318359375
2024-12-23,254.9896545410156,195.7669677734375,434.3790283203125
2024-12-24,257.9164428710937,197.34518432617188,438.4508361816406
2024-12-26,258.7355041503906,196.87571716308597,437.2332763671875
2024-12-27,255.30929565429688,193.81918334960935,429.66845703125
2024-12-30,251.9230194091797,192.47073364257807,423.9798583984375
2024-12-31,250.1449737548828,190.2232818603516,420.6565246582031
2025-01-02,243.5821990966797,190.4130706787109,417.7423706054688
2025-01-03,243.0927276611328,192.9102325439453,422.5028381347656
2025-01-06,244.73092651367188,197.7347412109375,426.9938354492188
2025-01-07,241.94400024414065,196.4861602783203,421.5247802734375
2025-01-08,242.43344116210935,195.1676483154297,423.7104187011719
2025-01-10,236.58987426757807,192.9501800537109,418.1116333007813
2025-01-13,234.1425628662109,192.0711669921875,416.3551635742188
2025-01-14,233.02378845214844,190.8325958251953,414.8382263183594
2025-01-15,237.60874938964844,196.7558441162109,425.4569091796875
2025-01-16,228.00930786132807,194.1887664794922,423.7303466796875
2025-01-17,229.7274169921875,197.3251953125,428.1714782714844
2025-01-21,222.39547729492188,199.40283203125,427.64251708984375
2025-01-22,223.58416748046875,199.8023681640625,445.30712890625
2025-01-23,223.41436767578125,199.35289001464844,445.8160705566406
2025-01-24,222.5353240966797,201.6702423095703,443.17138671875
2025-01-27,229.6075439453125,193.54949951171875,433.6903991699219
2025-01-28,237.99832153320312,196.8457489013672,446.30511474609375
2025-01-29,239.0971221923828,196.9556121826172,441.44482421875
2025-01-30,237.3290557861328,202.3994140625,414.1595458984375
2025-01-31,235.7408142089844,205.3660430908203,414.22943115234375
2025-02-03,227.75958251953125,202.40939331054688,410.09771728515625
2025-02-04,232.54432678222656,207.4736328125,411.5447998046875
2025-02-05,232.21469116210935,193.0800323486328,412.4629821777344
2025-02-06,232.9638671875,193.0900115966797,414.9879150390625
2025-02-07,227.3800048828125,186.92703247070312,408.9300537109375
2025-02-10,227.6499938964844,187.9858245849609,411.3951110839844
2025-02-11,232.6199951171875,186.8571319580078,410.6166687011719
2025-02-12,236.8699951171875,185.21897888183597,408.2214660644531
2025-02-13,241.52999877929688,187.66619873046875,409.7184753417969
2025-02-14,244.6000061035156,186.6573486328125,407.6126708984375
2025-02-18,244.47000122070312,185.58856201171875,408.8202819824219
2025-02-19,244.8699951171875,186.91705322265625,413.9400024414063
2025-02-20,245.8300018310547,186.4276123046875,416.1300048828125
2025-02-21,245.5500030517578,181.3733673095703,408.2099914550781
2025-02-24,247.1000061035156,180.9838104248047,404.0
2025-02-25,247.0399932861328,177.16815185546875,397.8999938964844
2025-02-26,240.3600006103516,174.50119018554688,399.7300109863281
2025-02-27,237.3000030517578,170.0163116455078,392.5299987792969
2025-02-28,241.83999633789065,172.02401733398438,396.989990234375
2025-03-03,238.02999877929688,168.46807861328125,388.489990234375
2025-03-04,235.92999267578125,172.41357421875,388.6099853515625
2025-03-05,235.7400054931641,174.79087829589844,401.0199890136719
2025-03-06,235.3300018310547,174.0117645263672,396.8900146484375
2025-03-07,239.07000732421875,175.5500030517578,393.30999755859375
2025-03-10,227.47999572753903,167.80999755859375,380.1600036621094
2025-03-11,220.83999633789065,165.97999572753906,380.4500122070313
2025-03-12,216.97999572753903,169.0,383.2699890136719
2025-03-13,209.67999267578125,164.72999572753906,378.7699890136719
2025-03-14,213.4900054931641,167.6199951171875,388.55999755859375
2025-03-17,214.0,166.57000732421875,388.7000122070313
2025-03-18,212.69000244140625,162.6699981689453,383.5199890136719
2025-03-19,215.2400054931641,166.27999877929688,387.8200073242188
2025-03-20,214.1000061035156,165.0500030517578,386.8399963378906
2025-03-21,218.2700042724609,166.25,391.260009765625
2025-03-24,220.72999572753903,169.92999267578125,393.0799865722656
2025-03-25,223.75,172.7899932861328,395.1600036621094
2025-03-26,221.52999877929688,167.13999938964844,389.9700012207031
2025-03-27,223.8500061035156,164.0800018310547,390.5799865722656
2025-03-28,217.8999938964844,156.05999755859375,378.7999877929688
2025-03-31,222.1300048828125,156.22999572753906,375.3900146484375
2025-04-01,223.19000244140625,158.8800048828125,382.1900024414063
2025-04-02,223.88999938964844,158.86000061035156,382.1400146484375
2025-04-03,203.19000244140625,152.6300048828125,373.1099853515625
2025-04-04,188.3800048828125,147.74000549316406,359.8399963378906
2025-04-07,181.4600067138672,149.24000549316406,357.8599853515625
2025-04-08,172.4199981689453,146.5800018310547,354.5599975585937
2025-04-09,198.8500061035156,161.05999755859375,390.489990234375
2025-04-10,190.4199981689453,155.3699951171875,381.3500061035156
2025-04-11,198.1499938964844,159.39999389648438,388.4500122070313
2025-04-14,202.5200042724609,161.47000122070312,387.80999755859375
2025-04-15,202.13999938964844,158.67999267578125,385.7300109863281
